"","x","y","Year","Number_confirmed_events","Total_deaths","Species_group","AEZ_Name"
"1",34.002517,0.407376,2004,0,0,"Human","Waterbody"
"2",34.002517,0.407376,2010,14,0,"Livestock","Waterbody"
"3",34.002517,0.407376,2010,14,0,"Human","Waterbody"
"4",34.002517,0.407376,2010,15,0,"Human","Waterbody"
"5",34.002517,0.407376,2010,11,0,"Human","Waterbody"
"6",34.141077,0.198418,2018,38,0,"Livestock","Midland"
"7",34.141077,0.198418,2018,0,0,"Livestock","Midland"
"8",34.25,0.416666,2011,0,0,NA,"Midland"
"9",34.270899,0.041853,2021,2,0,"Livestock","Midland"
"10",34.270899,0.041853,2018,1,1,"Human","Midland"
"11",34.342477,0.210993,2007,2,0,"Human","Midland"
"12",34.343,-0.204,2006,3,0,"Livestock","Waterbody"
"13",34.343,-0.204,2007,0,0,"Livestock","Waterbody"
"14",34.357915,4.212146,1994,129,0,"Human","Lowland"
"15",34.383766,0.185178,2010,0,0,"Human","Midland"
"16",34.453059,-0.538236,2007,0,0,"Human","Midland"
"17",34.453059,-0.538236,2007,0,0,"Wildlife","Midland"
"18",34.453059,-0.538236,2007,0,0,"Wildlife","Midland"
"19",34.453059,-0.538236,2007,2,0,"Wildlife","Midland"
"20",34.461209,-0.522483,2021,1,0,"Livestock","Midland"
"21",34.486887,-1.071389,2021,17,0,"Livestock","Midland"
"22",34.49992,0.544694,1998,0,0,"Livestock","Midland"
"23",34.781749,-0.094366,2021,3,0,"Livestock","Midland"
"24",34.86867,-0.136355,2007,4,0,"Human","Midland"
"25",34.871125,0.295919,1973,4,0,"Livestock","Midland"
"26",34.878933,-1.008934,2021,0,0,"Livestock","Highland"
"27",34.890354,1.076417,2016,0,0,"Livestock","Midland"
"28",34.942422,1.051958,1951,0,0,"Livestock","Midland"
"29",34.942422,1.051958,1955,0,0,"Livestock","Midland"
"30",34.942422,1.051958,1961,0,0,"Livestock","Midland"
"31",34.952161,-1.397047,2010,24,0,"Wildlife","Midland"
"32",34.952161,-1.397047,2007,4,0,"Wildlife","Midland"
"33",34.952161,-1.397047,2007,15,0,"Wildlife","Midland"
"34",34.952161,-1.397047,2007,2,0,"Wildlife","Midland"
"35",34.952161,-1.397047,2000,0,0,"Wildlife","Midland"
"36",34.952161,-1.397047,2007,1,0,"Wildlife","Midland"
"37",34.952161,-1.397047,2007,32,0,"Wildlife","Midland"
"38",34.952161,-1.397047,2008,24,0,"Wildlife","Midland"
"39",34.952161,-1.397047,2007,0,0,"Wildlife","Midland"
"40",34.952161,-1.397047,2007,0,0,"Wildlife","Midland"
"41",35.10613,0.1916,2021,3,0,"Livestock","Midland"
"42",35.197522,0.94787,1983,1,0,"Human","Midland"
"43",35.229454,0.846236,1996,0,0,"Human","Highland"
"44",35.229454,0.846236,1997,1,0,"Human","Highland"
"45",35.237147,1.704077,1961,0,0,"Livestock","Midland"
"46",35.270739,1.109716,1973,3,0,"Livestock","Highland"
"47",35.285993,-0.357099,2021,0,0,"Livestock","Highland"
"48",35.320574,0.551993,1961,0,0,"Livestock","Highland"
"49",35.320574,0.551993,1951,0,0,"Livestock","Highland"
"50",35.320574,0.551993,1955,0,0,"Livestock","Highland"
"51",35.37612,0.086605,1973,2,0,"Livestock","Highland"
"52",35.592214,3.116682,1983,7,0,"Human","Lowland"
"53",35.667,1.175,2007,2,0,"Livestock","Midland"
"54",35.667,1.175,2007,0,0,"Livestock","Midland"
"55",35.730758,-0.249337,2005,0,0,"Livestock","Highland"
"56",35.730758,-0.249337,2005,0,0,"Livestock","Highland"
"57",35.867529,-1.081788,2015,0,0,NA,"Highland"
"58",35.867529,-1.081788,2007,0,0,"Wildlife","Highland"
"59",35.867529,-1.081788,1999,0,0,"Wildlife","Highland"
"60",35.867529,-1.081788,2007,0,0,"Human","Highland"
"61",35.867529,-1.081788,2007,0,0,"Wildlife","Highland"
"62",35.867529,-1.081788,1961,0,0,"Livestock","Highland"
"63",35.867529,-1.081788,2007,0,0,"Wildlife","Highland"
"64",35.867529,-1.081788,2007,0,0,"Wildlife","Highland"
"65",35.867529,-1.081788,2007,5,0,"Wildlife","Highland"
"66",35.941511,0.658705,2007,56,0,"Human","Midland"
"67",35.941511,0.658705,2009,0,0,"Human","Midland"
"68",35.941511,0.658705,2007,174,13,"Human","Midland"
"69",35.941511,0.658705,2015,0,0,NA,"Midland"
"70",35.941511,0.658705,2006,35,0,"Human","Midland"
"71",35.941511,0.658705,2007,52,0,"Human","Midland"
"72",35.941511,0.658705,2006,32,0,"Livestock","Midland"
"73",35.941511,0.658705,2006,88,0,"Human","Midland"
"74",35.942901,0.502204,2009,0,0,"Wildlife","Midland"
"75",35.942901,0.502204,2011,0,0,"Wildlife","Midland"
"76",35.942901,0.502204,2011,0,0,"Wildlife","Midland"
"77",35.942901,0.502204,2012,0,0,"Wildlife","Midland"
"78",35.942901,0.502204,2010,0,0,"Wildlife","Midland"
"79",35.942901,0.502204,2012,0,0,"Wildlife","Midland"
"80",35.942901,0.502204,2010,0,0,"Wildlife","Midland"
"81",35.947865,0.368726,1955,0,0,"Livestock","Midland"
"82",35.947865,0.368726,1936,0,0,"Livestock","Midland"
"83",35.947865,0.368726,1931,0,0,"Livestock","Midland"
"84",35.947865,0.368726,1951,0,0,"Livestock","Midland"
"85",36,-0.333333,2009,0,0,NA,"Highland"
"86",36,0.633333,2010,0,0,NA,"Midland"
"87",36.006072,0.50495,2011,0,0,"Wildlife","Lowland"
"88",36.006072,0.50495,2011,0,0,"Wildlife","Lowland"
"89",36.006072,0.50495,2010,0,0,"Wildlife","Lowland"
"90",36.006072,0.50495,2011,0,0,"Wildlife","Lowland"
"91",36.006072,0.50495,2009,0,0,"Wildlife","Lowland"
"92",36.006072,0.50495,2010,0,0,"Wildlife","Lowland"
"93",36.006072,0.50495,2009,1,0,"Livestock","Lowland"
"94",36.006072,0.50495,2010,0,0,"Wildlife","Lowland"
"95",36.006072,0.50495,2009,0,0,"Wildlife","Lowland"
"96",36.039262,0.717646,1998,0,0,"Livestock","Lowland"
"97",36.057,0.483,2007,29,0,"Livestock","Lowland"
"98",36.057,0.483,2007,0,0,"Livestock","Lowland"
"99",36.067303,0.247183,2018,1,0,"Livestock","Midland"
"100",36.067303,0.247183,2018,0,0,"Livestock","Midland"
"101",36.069732,-0.264025,2021,2,0,"Livestock","Midland"
"102",36.098082,-0.299676,1931,0,0,"Livestock","Midland"
"103",36.098082,-0.299676,1999,14,0,"Wildlife","Midland"
"104",36.098082,-0.299676,2007,4,0,"Wildlife","Midland"
"105",36.098082,-0.299676,2016,0,0,"Livestock","Midland"
"106",36.098082,-0.299676,1999,7,0,"Wildlife","Midland"
"107",36.098082,-0.299676,1936,0,0,"Livestock","Midland"
"108",36.098082,-0.299676,2006,0,0,"Livestock","Midland"
"109",36.098082,-0.299676,1951,0,0,"Livestock","Midland"
"110",36.098082,-0.299676,1955,0,0,"Livestock","Midland"
"111",36.098082,-0.299676,2007,0,0,"Wildlife","Midland"
"112",36.098082,-0.299676,2007,0,0,"Human","Midland"
"113",36.098082,-0.299676,2007,1,0,"Human","Midland"
"114",36.098082,-0.299676,1961,0,0,"Livestock","Midland"
"115",36.098082,-0.299676,2007,0,0,"Wildlife","Midland"
"116",36.098082,-0.299676,2007,0,0,"Wildlife","Midland"
"117",36.098082,-0.299676,1912,0,0,"Livestock","Midland"
"118",36.098082,-0.299676,1960,0,0,"Livestock","Midland"
"119",36.098082,-0.299676,2007,1,0,"Wildlife","Midland"
"120",36.098082,-0.299676,2007,0,0,"Wildlife","Midland"
"121",36.098082,-0.299676,2007,0,0,"Wildlife","Midland"
"122",36.10175,-0.456557,2002,0,0,"Livestock","Midland"
"123",36.102872,-0.300705,2005,1,0,"Livestock","Midland"
"124",36.102872,-0.300705,2005,5,0,"Livestock","Midland"
"125",36.111486,0.456151,2006,21,0,"Vector","Lowland"
"126",36.117983,-2.09168,2005,6,0,"Livestock","Lowland"
"127",36.117983,-2.09168,2005,5,0,"Livestock","Lowland"
"128",36.196,-0.879,2007,0,0,"Livestock","Highland"
"129",36.196,-0.879,2006,2,0,"Livestock","Highland"
"130",36.207385,1.016765,2007,1,0,"Human","Lowland"
"131",36.215376,-0.694973,1955,0,0,"Livestock","Highland"
"132",36.215376,-0.694973,1951,0,0,"Livestock","Highland"
"133",36.215376,-0.694973,1936,0,0,"Livestock","Highland"
"134",36.215376,-0.694973,1931,0,0,"Livestock","Highland"
"135",36.228323,-0.005614,2005,6,0,"Livestock","Highland"
"136",36.228323,-0.005614,2005,0,0,"Livestock","Highland"
"137",36.301703,-1.901959,2005,0,0,"Livestock","Lowland"
"138",36.301703,-1.901959,2005,0,0,"Livestock","Lowland"
"139",36.430979,-0.719609,2011,0,0,"Wildlife","Midland"
"140",36.430979,-0.719609,2009,0,0,"Human","Midland"
"141",36.430979,-0.719609,1989,2,0,"Human","Midland"
"142",36.430979,-0.719609,2010,0,0,"Wildlife","Midland"
"143",36.430979,-0.719609,2007,11,0,"Wildlife","Midland"
"144",36.430979,-0.719609,2010,5,0,"Wildlife","Midland"
"145",36.430979,-0.719609,2008,0,0,"Wildlife","Midland"
"146",36.430979,-0.719609,2006,0,0,"Wildlife","Midland"
"147",36.430979,-0.719609,2005,2,0,"Livestock","Midland"
"148",36.430979,-0.719609,1989,1,0,"Human","Midland"
"149",36.430979,-0.719609,2010,0,0,"Wildlife","Midland"
"150",36.430979,-0.719609,1951,0,0,"Livestock","Midland"
"151",36.430979,-0.719609,1931,0,0,"Livestock","Midland"
"152",36.430979,-0.719609,2007,2,0,"Wildlife","Midland"
"153",36.430979,-0.719609,2005,16,0,"Livestock","Midland"
"154",36.430979,-0.719609,1989,2,0,"Human","Midland"
"155",36.430979,-0.719609,2011,0,0,"Wildlife","Midland"
"156",36.430979,-0.719609,1955,0,0,"Livestock","Midland"
"157",36.430979,-0.719609,1936,0,0,"Livestock","Midland"
"158",36.430979,-0.719609,2010,0,0,"Wildlife","Midland"
"159",36.430979,-0.719609,2011,3,0,"Wildlife","Midland"
"160",36.430979,-0.719609,2011,0,0,"Wildlife","Midland"
"161",36.43098,-0.719609,2007,2,0,"Wildlife","Midland"
"162",36.4385489619557,1.33546578396756,2010,14,0,"Wildlife","Midland"
"163",36.451881,-0.528929,1951,0,0,"Livestock","Highland"
"164",36.451881,-0.528929,1955,0,0,"Livestock","Highland"
"165",36.451881,-0.528929,1936,0,0,"Livestock","Highland"
"166",36.451881,-0.528929,1931,0,0,"Livestock","Highland"
"167",36.498871,-0.195548,2019,0,0,"Livestock","Highland"
"168",36.498871,-0.195548,2019,5,0,"Livestock","Highland"
"169",36.643,-1.271,2007,0,0,"Livestock","Highland"
"170",36.643,-1.271,2007,4,0,"Livestock","Highland"
"171",36.647972,1.062667,2007,7,0,NA,"Highland"
"172",36.656184,0.415405,1980,0,0,"Livestock","Midland"
"173",36.6601,-1.2396,2021,0,0,"Livestock","Highland"
"174",36.6601,-1.2396,2021,4,0,"Livestock","Highland"
"175",36.6681961383982,-0.405757403905589,2010,8,0,"Wildlife","Highland"
"176",36.66979,0.118558,2007,6,0,"Human","Highland"
"177",36.690156,-1.427347,2018,0,500,"Wildlife","Midland"
"178",36.6902633,-1.0862707,1998,0,0,"Livestock","Highland"
"179",36.716667,-1.266666,1998,0,0,"Livestock","Nairobi City"
"180",36.749477,-1.394256,2005,19,0,"Livestock","Nairobi City"
"181",36.749477,-1.394256,2005,17,0,"Livestock","Nairobi City"
"182",36.75,-2,2009,0,0,NA,"Midland"
"183",36.777463,0.935899,1980,0,0,"Livestock","Midland"
"184",36.787602,-2.547023,2005,0,0,"Livestock","Midland"
"185",36.787602,-2.547023,2005,1,0,"Livestock","Midland"
"186",36.791132,-1.841374,2005,0,0,"Livestock","Midland"
"187",36.791346,0.348316,2008,2,0,"Wildlife","Midland"
"188",36.813665,-1.949537,2015,0,0,NA,"Midland"
"189",36.818994,0.337332,2006,0,0,"Livestock","Midland"
"190",36.818994,0.337332,2007,0,0,"Wildlife","Midland"
"191",36.818994,0.337332,2007,0,0,"Human","Midland"
"192",36.818994,0.337332,2004,0,0,"Wildlife","Midland"
"193",36.818994,0.337332,2007,9,0,"Wildlife","Midland"
"194",36.818994,0.337332,2007,0,0,"Wildlife","Midland"
"195",36.818994,0.337332,2007,0,0,"Wildlife","Midland"
"196",36.818994,0.337332,1951,0,0,"Livestock","Midland"
"197",36.818994,0.337332,2007,0,0,"Wildlife","Midland"
"198",36.818994,0.337332,2015,0,0,NA,"Midland"
"199",36.818994,0.337332,1961,0,0,"Livestock","Midland"
"200",36.818994,0.337332,1955,0,0,"Livestock","Midland"
"201",36.818994,0.337332,2007,0,0,"Wildlife","Midland"
"202",36.818994,0.337332,2007,0,0,"Wildlife","Midland"
"203",36.818994,0.337332,1999,3,0,"Wildlife","Midland"
"204",36.825225,0.296823,1998,0,0,"Livestock","Midland"
"205",36.830091,-1.30022,1998,0,0,NA,"Nairobi City"
"206",36.830091,-1.30022,1998,0,0,NA,"Nairobi City"
"207",36.830091,-1.30022,1998,0,0,NA,"Nairobi City"
"208",36.830091,-1.30022,1998,0,0,NA,"Nairobi City"
"209",36.830091,-1.30022,1998,0,0,NA,"Nairobi City"
"210",36.830091,-1.30022,1998,0,0,NA,"Nairobi City"
"211",36.830091,-1.30022,1998,0,0,NA,"Nairobi City"
"212",36.830091,-1.30022,1998,0,0,NA,"Nairobi City"
"213",36.830091,-1.30022,1998,0,0,NA,"Nairobi City"
"214",36.830091,-1.30022,1998,0,0,NA,"Nairobi City"
"215",36.830091,-1.30022,1998,0,0,NA,"Nairobi City"
"216",36.830091,-1.30022,1998,0,0,NA,"Nairobi City"
"217",36.830091,-1.30022,1998,0,0,NA,"Nairobi City"
"218",36.830091,-1.30022,1998,0,0,NA,"Nairobi City"
"219",36.830091,-1.30022,1998,0,0,"Livestock","Nairobi City"
"220",36.830091,-1.30022,1998,0,0,NA,"Nairobi City"
"221",36.830091,-1.30022,1998,0,0,NA,"Nairobi City"
"222",36.830091,-1.30022,1998,0,0,NA,"Nairobi City"
"223",36.832302,-1.171147,2015,0,0,"Livestock","Midland"
"224",36.832302,-1.171147,1961,0,0,"Livestock","Midland"
"225",36.832302,-1.171147,2006,0,0,"Livestock","Midland"
"226",36.837865,-1.359926,2007,0,0,"Human","Nairobi City"
"227",36.837865,-1.359926,1951,0,0,"Livestock","Nairobi City"
"228",36.837865,-1.359926,2006,2,0,"Livestock","Nairobi City"
"229",36.837865,-1.359926,1999,1,0,"Wildlife","Nairobi City"
"230",36.837865,-1.359926,1955,0,0,"Livestock","Nairobi City"
"231",36.837865,-1.359926,2007,2,0,"Human","Nairobi City"
"232",36.837865,-1.359926,1961,0,0,"Livestock","Nairobi City"
"233",36.843746,-1.671552,2005,1,0,"Livestock","Midland"
"234",36.843746,-1.671552,2005,6,0,"Livestock","Midland"
"235",36.843942,-1.306636,2006,1,0,"Human","Nairobi City"
"236",36.843942,-1.306636,2005,0,0,"Livestock","Nairobi City"
"237",36.843942,-1.306636,2006,6,0,"Livestock","Nairobi City"
"238",36.843942,-1.306636,2007,2,0,"Livestock","Nairobi City"
"239",36.843942,-1.306636,1961,0,0,"Livestock","Nairobi City"
"240",36.843942,-1.306636,2006,3,0,"Human","Nairobi City"
"241",36.843942,-1.306636,2018,0,0,NA,"Nairobi City"
"242",36.850339,-1.516879,2005,1,0,"Livestock","Midland"
"243",36.850339,-1.516879,2005,0,0,"Livestock","Midland"
"244",36.861045,0.028189,2014,0,0,"Livestock","Midland"
"245",36.9,-1.22,2007,0,0,"Livestock","Nairobi City"
"246",36.9,-1.22,2006,3,0,"Livestock","Nairobi City"
"247",36.9126389,-2.1167527,1999,0,0,"Livestock","Midland"
"248",36.9126389,-2.1167527,1997,0,0,"Livestock","Midland"
"249",36.9126389,-2.1167527,1998,0,0,"Livestock","Midland"
"250",36.9126389,-2.1167527,1999,0,0,"Livestock","Midland"
"251",36.9126389,-2.1167527,1999,0,0,"Livestock","Midland"
"252",36.9126389,-2.1167527,1999,0,0,"Livestock","Midland"
"253",36.9126389,-2.1167527,1999,0,0,"Livestock","Midland"
"254",36.915,-1.131,2007,0,0,"Livestock","Midland"
"255",36.915,-1.131,2006,4,0,"Livestock","Midland"
"256",36.935,-1.591,2006,1,0,"Livestock","Midland"
"257",36.935,-1.591,2007,0,0,"Livestock","Midland"
"258",36.942344,2.703771,1980,0,0,"Livestock","Highland"
"259",36.945129,-0.437893,1951,0,0,"Livestock","Midland"
"260",36.945129,-0.437893,1961,0,0,"Livestock","Midland"
"261",36.945129,-0.437893,2015,0,0,"Livestock","Midland"
"262",36.945129,-0.437893,1955,0,0,"Livestock","Midland"
"263",36.967517,-0.587608,1998,0,0,"Livestock","Midland"
"264",36.967517,-0.587608,1998,0,0,"Livestock","Midland"
"265",36.967517,-0.587608,1998,0,0,"Livestock","Midland"
"266",36.967517,-0.587608,1998,0,0,"Livestock","Midland"
"267",36.967517,-0.587608,1998,0,0,"Livestock","Midland"
"268",36.9755604,-0.6754288,1998,0,0,NA,"Midland"
"269",36.9755604,-0.6754288,1998,0,0,NA,"Midland"
"270",36.9755604,-0.6754288,1998,0,0,NA,"Midland"
"271",36.9755604,-0.6754288,1998,0,0,NA,"Midland"
"272",36.9755604,-0.6754288,1998,0,0,NA,"Midland"
"273",36.9755604,-0.6754288,1998,0,0,NA,"Midland"
"274",36.9755604,-0.6754288,1998,0,0,NA,"Midland"
"275",36.9755604,-0.6754288,1998,0,0,NA,"Midland"
"276",36.9755604,-0.6754288,1998,0,0,NA,"Midland"
"277",36.9755604,-0.6754288,1998,0,0,NA,"Midland"
"278",36.9755604,-0.6754288,1998,0,0,NA,"Midland"
"279",36.9755604,-0.6754288,1998,0,0,NA,"Midland"
"280",36.9755604,-0.6754288,1998,0,0,NA,"Midland"
"281",36.9755604,-0.6754288,1998,0,0,NA,"Midland"
"282",36.9755604,-0.6754288,1998,0,0,NA,"Midland"
"283",36.9755604,-0.6754288,1998,0,0,"Livestock","Midland"
"284",37,1.25,2011,0,0,NA,"Midland"
"285",37.019834,-0.934632,2021,0,0,"Livestock","Midland"
"286",37.019834,-0.934632,2021,6,0,"Livestock","Midland"
"287",37.022236,0.02181,1931,0,0,"Livestock","Highland"
"288",37.022236,0.02181,1951,0,0,"Livestock","Highland"
"289",37.022236,0.02181,1936,0,0,"Livestock","Highland"
"290",37.022236,0.02181,1955,0,0,"Livestock","Highland"
"291",37.052,-0.845,2007,0,0,"Livestock","Midland"
"292",37.052,-0.845,2007,7,0,"Livestock","Midland"
"293",37.057314,-0.815939,1999,0,0,"Livestock","Midland"
"294",37.057314,-0.815939,1999,0,0,"Livestock","Midland"
"295",37.057314,-0.815939,1999,0,0,"Livestock","Midland"
"296",37.057314,-0.815939,1999,0,0,"Livestock","Midland"
"297",37.057314,-0.815939,1999,0,0,"Livestock","Midland"
"298",37.057314,-0.815939,1999,0,0,"Livestock","Midland"
"299",37.06,0.017,2007,10,0,"Livestock","Highland"
"300",37.06,0.017,2007,0,0,"Livestock","Highland"
"301",37.080191,1.317668,2006,4,0,"Livestock","Midland"
"302",37.080191,1.317668,2004,7,0,"Human","Midland"
"303",37.083333,-1.083333,2009,0,0,"Livestock","Midland"
"304",37.087673,-0.721406,2019,4,0,"Livestock","Midland"
"305",37.087673,-0.721406,2019,0,0,"Livestock","Midland"
"306",37.105107,-1.031023,1955,0,0,"Livestock","Midland"
"307",37.105107,-1.031023,2006,7,0,"Livestock","Midland"
"308",37.105107,-1.031023,1951,0,0,"Livestock","Midland"
"309",37.105107,-1.031023,1961,0,0,"Livestock","Midland"
"310",37.131042,-0.796354,1955,0,0,"Livestock","Midland"
"311",37.131042,-0.796354,1961,0,0,"Livestock","Midland"
"312",37.131042,-0.796354,1951,0,0,"Livestock","Midland"
"313",37.131257,-0.797084,2006,1,0,"Human","Midland"
"314",37.153568,-0.723133,2015,0,0,NA,"Midland"
"315",37.153568,-0.723133,2006,5,0,"Livestock","Midland"
"316",37.153568,-0.723133,2006,8,0,"Livestock","Midland"
"317",37.179,-0.67,2006,5,0,"Livestock","Midland"
"318",37.179,-0.67,2007,0,0,"Livestock","Midland"
"319",37.258578,-1.512332,1961,0,0,"Livestock","Midland"
"320",37.258578,-1.512332,2015,0,0,"Livestock","Midland"
"321",37.258578,-1.512332,2006,3,0,"Livestock","Midland"
"322",37.293417,1.732726,1980,0,0,"Livestock","Midland"
"323",37.317,-1.238,2006,1,0,"Livestock","Midland"
"324",37.317,-1.238,2007,0,0,"Livestock","Midland"
"325",37.319355,-0.479816,2006,3,0,"Livestock","Midland"
"326",37.322094,-0.51964,2006,2,0,"Human","Midland"
"327",37.32953,-2.57706,2006,0,0,"Wildlife","Midland"
"328",37.32953,-2.57706,2006,2,0,"Wildlife","Midland"
"329",37.32953,-2.57706,2006,0,0,"Wildlife","Midland"
"330",37.32953,-2.57706,2006,1,0,"Wildlife","Midland"
"331",37.32953,-2.57706,2006,0,0,"Wildlife","Midland"
"332",37.32953,-2.57706,2006,1,0,"Wildlife","Midland"
"333",37.36,-0.666,2007,6,0,"Livestock","Midland"
"334",37.36,-0.666,2007,0,0,"Livestock","Midland"
"335",37.413105,-0.808416,2006,3,0,"Livestock","Midland"
"336",37.427,0.187,2006,3,0,"Livestock","Midland"
"337",37.427,0.187,2007,0,0,"Livestock","Midland"
"338",37.45,-1.351,2007,8,0,"Livestock","Midland"
"339",37.458693,0.535189,2006,4,0,"Livestock","Lowland"
"340",37.4833166,2.92777778,1998,0,0,"Livestock","Lowland"
"341",37.585267,0.347929,2006,0,0,"Livestock","Midland"
"342",37.585267,0.347929,2019,0,0,NA,"Midland"
"343",37.585267,0.347929,2007,16,0,"Livestock","Midland"
"344",37.585267,0.347929,1961,0,0,"Livestock","Midland"
"345",37.585267,0.347929,2016,0,0,"Wildlife","Midland"
"346",37.585267,0.347929,2006,8,0,"Human","Midland"
"347",37.609,1.13,2007,0,0,"Livestock","Lowland"
"348",37.609,1.13,2007,15,0,"Livestock","Lowland"
"349",37.62,-0.315,2007,0,0,"Livestock","Midland"
"350",37.62,-0.315,2007,7,0,"Livestock","Midland"
"351",37.631444,1.039008,2007,3,0,"Human","Lowland"
"352",37.639611,2.864415,2018,0,0,NA,"Lowland"
"353",37.643108,0.047679,2008,0,0,"Wildlife","Midland"
"354",37.643108,0.047679,2008,1,0,"Wildlife","Midland"
"355",37.643108,0.047679,1999,1,0,"Wildlife","Midland"
"356",37.643108,0.047679,2008,1,0,"Wildlife","Midland"
"357",37.643108,0.047679,2006,5,0,"Livestock","Midland"
"358",37.643108,0.047679,2008,1,0,"Wildlife","Midland"
"359",37.643108,0.047679,2009,1,0,"Wildlife","Midland"
"360",37.666637,-0.982046,1983,0,0,"Human","Midland"
"361",37.666666,-2,2009,0,0,NA,"Midland"
"362",37.666666,-0.583333,2009,0,0,NA,"Midland"
"363",37.667,-0.476,2006,1,0,"Livestock","Midland"
"364",37.667,-0.476,2007,0,0,"Livestock","Midland"
"365",37.672,-3.389,2007,0,0,"Livestock","Midland"
"366",37.672,-3.389,2006,16,0,"Livestock","Midland"
"367",37.738,-2.225,2007,0,0,"Livestock","Midland"
"368",37.738,-2.225,2007,35,0,"Livestock","Midland"
"369",37.787285,-2.096368,2016,0,0,"Livestock","Midland"
"370",37.787285,-2.096368,1961,0,0,"Livestock","Midland"
"371",37.787285,-2.096368,2016,0,0,"Livestock","Midland"
"372",37.787285,-2.096368,2016,0,0,"Livestock","Midland"
"373",37.804878,1.594121,1983,2,0,"Human","Lowland"
"374",37.815809,0.702273,2020,17,0,"Livestock","Midland"
"375",37.833333,0,2009,0,0,NA,"Midland"
"376",37.869589,2.394153,2018,0,0,"Livestock","Lowland"
"377",37.869589,2.394153,2018,18,0,"Livestock","Lowland"
"378",37.874174,-0.23731,2006,1,0,"Livestock","Midland"
"379",37.88,-0.621,2007,0,0,"Livestock","Lowland"
"380",37.88,-0.621,2006,6,0,"Livestock","Lowland"
"381",37.952045,0.237924,2018,0,0,"Livestock","Midland"
"382",37.952045,0.237924,2018,1,0,"Livestock","Midland"
"383",37.988534,2.337143,1961,0,0,"Livestock","Midland"
"384",37.988534,2.337143,2008,0,0,"Wildlife","Midland"
"385",37.988534,2.337143,2008,0,0,"Wildlife","Midland"
"386",37.988534,2.337143,2008,0,0,"Wildlife","Midland"
"387",37.988534,2.337143,2008,0,0,"Wildlife","Midland"
"388",37.988534,2.337143,2018,8,3,"Human","Midland"
"389",37.994085,-1.370826,2006,16,0,"Livestock","Midland"
"390",38.016666,-0.3,2009,0,0,NA,"Lowland"
"391",38.084,0.293,2006,4,0,"Livestock","Midland"
"392",38.084,0.293,2007,0,0,"Livestock","Midland"
"393",38.108,-1.69,2007,0,0,"Livestock","Midland"
"394",38.108,-1.69,2007,44,0,"Livestock","Midland"
"395",38.159198,-0.58783,2006,4,0,"Livestock","Midland"
"396",38.19588,0.325095,2021,118,0,"Livestock","Lowland"
"397",38.19588,0.325095,2021,178,0,"Human","Lowland"
"398",38.232716,0.775176,2014,5,0,"Human","Lowland"
"399",38.331139,-3.465676,1999,0,0,"Wildlife","Midland"
"400",38.336273,-3.078776,1987,0,0,"Wildlife","Lowland"
"401",38.336273,-3.078776,2008,4,0,"Wildlife","Lowland"
"402",38.336273,-3.078776,2000,0,0,"Wildlife","Lowland"
"403",38.336273,-3.078776,2010,1,0,"Wildlife","Lowland"
"404",38.391504,-3.452617,2015,0,0,"Wildlife","Midland"
"405",38.391504,-3.452617,2006,1,0,"Human","Midland"
"406",38.391504,-3.452617,2006,4,0,"Livestock","Midland"
"407",38.415522,0.549314,2018,0,0,"Livestock","Lowland"
"408",38.415522,0.549314,2018,12,0,"Livestock","Lowland"
"409",38.416895,0.337737,2014,2,0,"Human","Lowland"
"410",38.453,-0.655,2007,0,0,"Livestock","Lowland"
"411",38.453,-0.655,2007,26,0,"Livestock","Lowland"
"412",38.475119,0.693632,1998,0,0,"Livestock","Lowland"
"413",38.5,-3.5,2009,0,0,NA,"Midland"
"414",38.513953,0.534797,2021,264,0,"Human","Lowland"
"415",38.513953,0.534797,2021,171,0,"Livestock","Lowland"
"416",38.554464,0.787242,2021,4,0,"Livestock","Lowland"
"417",38.611561,1.177155,2018,15,0,"Livestock","Lowland"
"418",38.611561,1.177155,2018,0,0,"Livestock","Lowland"
"419",38.74852,1.008741,1998,0,0,"Livestock","Lowland"
"420",38.75,1,2009,0,0,NA,"Lowland"
"421",38.781515,1.038371,2020,24,0,"Livestock","Lowland"
"422",38.781515,1.038371,2020,0,0,"Livestock","Lowland"
"423",38.78781,1.210698,2021,0,0,"Livestock","Lowland"
"424",38.78781,1.210698,2020,20,10,"Livestock","Lowland"
"425",38.812819,-2.185973,2008,0,0,"Wildlife","Lowland"
"426",38.812819,-2.185973,2008,0,0,"Wildlife","Lowland"
"427",38.812819,-2.185973,2008,9,0,"Wildlife","Lowland"
"428",38.812819,-2.185973,2008,1,0,"Wildlife","Lowland"
"429",38.825967,0.134746,2013,6,0,"Livestock","Lowland"
"430",38.825967,0.134746,2013,10,0,"Livestock","Lowland"
"431",38.850756,0.307889,2020,1,0,"Livestock","Lowland"
"432",38.850756,0.307889,2020,0,0,"Livestock","Lowland"
"433",39.027828,2.327758,2018,25,17,"Livestock","Lowland"
"434",39.027828,2.327758,2018,0,0,"Livestock","Lowland"
"435",39.028107,3.027302,1980,32,0,"Livestock","Lowland"
"436",39.028107,3.027302,2000,1,0,"Livestock","Lowland"
"437",39.083803,1.14113,2021,234,0,"Human","Lowland"
"438",39.083803,1.14113,2021,116,0,"Livestock","Lowland"
"439",39.112284,-4.196161,2009,0,0,"Human","Coastal"
"440",39.121,-4.546,2007,0,0,"Livestock","Coastal"
"441",39.121,-4.546,2006,59,0,"Livestock","Coastal"
"442",39.145098,-4.127768,1961,0,0,"Livestock","Coastal"
"443",39.145098,-4.127768,2015,0,0,NA,"Coastal"
"444",39.156084,-4.193513,2006,1,0,"Livestock","Coastal"
"445",39.166666,-4.166666,2009,0,0,NA,"Coastal"
"446",39.173499,-4.638434,2009,18,0,"Human","Coastal"
"447",39.304,-3.372,2007,0,0,"Livestock","Coastal"
"448",39.304,-3.372,2007,11,0,"Livestock","Coastal"
"449",39.372244,-4.445684,2009,5,0,"Human","Coastal"
"450",39.381323,-0.165746,2013,1,0,"Livestock","Lowland"
"451",39.381323,-0.165746,2013,2,0,"Livestock","Lowland"
"452",39.447324,-3.699115,2007,11,0,"Human","Coastal"
"453",39.454,-4.43,2006,0,0,"Livestock","Coastal"
"454",39.454,-4.43,2007,0,0,"Livestock","Coastal"
"455",39.46,3.33,2006,0,0,"Livestock","Midland"
"456",39.46,3.33,2006,18,0,"Livestock","Midland"
"457",39.46,3.33,2007,0,0,"Livestock","Midland"
"458",39.467949,-4.471469,2009,7,0,"Human","Coastal"
"459",39.467949,-4.471469,2009,13,0,"Human","Coastal"
"460",39.47859,-1.631804,2006,16,0,"Human","Lowland"
"461",39.47859,-1.631804,1999,6,0,"Wildlife","Lowland"
"462",39.47859,-1.631804,2015,0,0,NA,"Lowland"
"463",39.47859,-1.631804,2015,8,0,"Wildlife","Lowland"
"464",39.47859,-1.631804,1961,0,0,"Livestock","Lowland"
"465",39.47859,-1.631804,2014,0,0,"Wildlife","Lowland"
"466",39.47859,-1.631804,2009,0,0,"Human","Lowland"
"467",39.47859,-1.631804,2014,9,0,"Wildlife","Lowland"
"468",39.47859,-1.631804,1998,0,9,"Human","Lowland"
"469",39.481804,-4.468312,1996,5,0,"Human","Coastal"
"470",39.481804,-4.468312,1997,1,0,"Human","Coastal"
"471",39.481804,-4.468312,1998,0,0,"Human","Coastal"
"472",39.5,0.5,2006,0,0,"Livestock","Lowland"
"473",39.505665,-4.181917,2009,8,0,"Human","Coastal"
"474",39.51167,0.4925,2006,0,0,"Livestock","Lowland"
"475",39.58059,-0.205093,2013,8,0,"Livestock","Lowland"
"476",39.603719,-3.112808,2004,1,0,"Human","Coastal"
"477",39.60631,2.492876,2018,0,0,"Livestock","Lowland"
"478",39.60631,2.492876,2018,17,0,"Livestock","Lowland"
"479",39.643949,-0.456357,2006,38,0,"Human","Lowland"
"480",39.643949,-0.456357,2011,33,0,"Human","Lowland"
"481",39.643949,-0.456357,2011,49,0,"Human","Lowland"
"482",39.643949,-0.456357,2011,25,0,"Human","Lowland"
"483",39.643949,-0.456357,2011,10,0,"Human","Lowland"
"484",39.643949,-0.456357,2011,15,0,"Human","Lowland"
"485",39.644213,-4.009094,2015,0,0,"Livestock","Coastal"
"486",39.647172,-0.453616,2013,9,0,"Livestock","Lowland"
"487",39.647172,-0.453616,2013,3,0,"Livestock","Lowland"
"488",39.648156,-0.45198,1997,31,0,"Human","Lowland"
"489",39.648156,-0.45198,2000,1,0,"Livestock","Lowland"
"490",39.648156,-0.45198,2006,41,0,"Human","Lowland"
"491",39.648156,-0.45198,2006,4,0,"Livestock","Lowland"
"492",39.648156,-0.45198,2006,175,0,"Human","Lowland"
"493",39.648156,-0.45198,2007,76,0,"Human","Lowland"
"494",39.648156,-0.45198,2015,0,0,"Wildlife","Lowland"
"495",39.648156,-0.45198,2012,0,0,"Human","Lowland"
"496",39.648156,-0.45198,1961,0,0,"Livestock","Lowland"
"497",39.648156,-0.45198,1980,0,0,"Livestock","Lowland"
"498",39.648156,-0.45198,2008,2,0,"Wildlife","Lowland"
"499",39.649662,-0.459018,2012,0,0,"Livestock","Lowland"
"500",39.650009,-0.453961,2007,11,0,NA,"Lowland"
"501",39.660211,-3.988076,2006,5,0,"Livestock","Coastal"
"502",39.668,-4.008,2007,13,0,"Livestock","Coastal"
"503",39.669,-4.008,2007,0,0,"Livestock","Waterbody"
"504",39.733834,0.928164,2007,28,0,"Human","Lowland"
"505",39.733834,0.928164,2007,0,5,"Human","Lowland"
"506",39.733834,0.928164,1998,15,478,"Human","Lowland"
"507",39.765158,-3.827281,2006,7,0,"Vector","Coastal"
"508",39.78221,-0.456409,2013,7,0,"Livestock","Lowland"
"509",39.78221,-0.456409,2013,5,0,"Livestock","Lowland"
"510",39.786,-3.119,2007,0,0,"Livestock","Coastal"
"511",39.786,-3.119,2007,17,0,"Livestock","Coastal"
"512",39.817839,-3.193187,1973,4,0,"Livestock","Coastal"
"513",39.827478,-0.568264,2013,4,0,"Livestock","Lowland"
"514",39.827478,-0.568264,2013,7,0,"Livestock","Lowland"
"515",39.827478,-0.568264,2013,1,0,"Livestock","Lowland"
"516",39.83333,-0.5,2006,0,0,"Livestock","Lowland"
"517",39.83417,0.4925,2006,0,0,"Livestock","Lowland"
"518",39.89181,-3.531087,1961,0,0,"Livestock","Coastal"
"519",39.89181,-3.531087,2006,38,0,"Human","Coastal"
"520",39.89181,-3.531087,2006,2,0,"Livestock","Coastal"
"521",39.89181,-3.531087,2007,70,0,"Human","Coastal"
"522",39.89181,-3.531087,2006,46,0,"Human","Coastal"
"523",39.89181,-3.531087,1983,7,0,"Human","Coastal"
"524",39.908,-3.349,2007,0,0,"Livestock","Coastal"
"525",39.908,-3.349,2006,39,0,"Livestock","Coastal"
"526",39.918944,-1.104194,2013,113,0,"Livestock","Lowland"
"527",39.918944,-1.104194,2013,67,0,"Livestock","Lowland"
"528",39.918944,-1.104194,2013,52,0,"Human","Lowland"
"529",39.918944,-1.104194,2013,187,0,"Livestock","Lowland"
"530",39.941,1.234,2007,0,0,"Livestock","Lowland"
"531",39.941,1.234,2006,2,0,"Livestock","Lowland"
"532",39.94723,-0.68741,2013,2,0,"Livestock","Lowland"
"533",39.947605,3.318159,2006,88,25,"Human","Lowland"
"534",39.952116,-1.284105,2018,1,0,"Livestock","Lowland"
"535",39.952116,-1.284105,2018,0,0,"Livestock","Lowland"
"536",39.9811392,-0.1711298,1998,0,0,"Livestock","Lowland"
"537",39.9811392,-0.1711298,1998,0,0,"Livestock","Lowland"
"538",39.9811392,-0.1711298,1998,0,0,"Livestock","Lowland"
"539",39.9811392,-0.1711298,1998,0,0,"Livestock","Lowland"
"540",39.9811392,-0.1711298,1998,0,0,"Livestock","Lowland"
"541",39.9811392,-0.1711298,1998,0,0,"Livestock","Lowland"
"542",40.024422,-1.46406,2013,0,0,"Vector","Lowland"
"543",40.024422,-1.46406,1980,0,0,"Livestock","Lowland"
"544",40.024422,-1.46406,2014,4,0,"Wildlife","Lowland"
"545",40.024422,-1.46406,2014,3,0,"Wildlife","Lowland"
"546",40.024422,-1.46406,2014,12,0,"Wildlife","Lowland"
"547",40.026819,1.939282,1998,0,0,"Livestock","Lowland"
"548",40.026819,1.939282,2018,0,0,NA,"Lowland"
"549",40.029909,-1.492875,2013,37,0,"Livestock","Lowland"
"550",40.029909,-1.492875,2013,37,0,"Livestock","Lowland"
"551",40.029909,-1.492875,2013,65,0,"Human","Lowland"
"552",40.029909,-1.492875,2013,50,0,"Livestock","Lowland"
"553",40.040687,-1.52,2013,6,0,"Livestock","Lowland"
"554",40.040687,-1.52,2013,18,0,"Livestock","Lowland"
"555",40.051768,-0.931685,2007,1,0,"Wildlife","Lowland"
"556",40.051768,-0.931685,2007,5,0,"Wildlife","Lowland"
"557",40.051768,-0.931685,2007,4,0,"Wildlife","Lowland"
"558",40.051768,-0.931685,2006,305,86,"Human","Lowland"
"559",40.051768,-0.931685,2007,207,86,"Human","Lowland"
"560",40.078806,1.767931,2018,0,0,"Human","Lowland"
"561",40.078806,1.767931,2009,0,0,"Wildlife","Lowland"
"562",40.078806,1.767931,2008,0,0,"Wildlife","Lowland"
"563",40.078806,1.767931,2019,0,13,"Human","Lowland"
"564",40.078806,1.767931,2018,21,3,"Human","Lowland"
"565",40.078806,1.767931,2018,2,0,"Wildlife","Lowland"
"566",40.078806,1.767931,1961,0,0,"Livestock","Lowland"
"567",40.078806,1.767931,2018,25,17,"Livestock","Lowland"
"568",40.078806,1.767931,2006,1,0,"Livestock","Lowland"
"569",40.078806,1.767931,2008,0,0,"Wildlife","Lowland"
"570",40.078806,1.767931,2015,0,0,NA,"Lowland"
"571",40.078806,1.767931,2008,1,0,"Wildlife","Lowland"
"572",40.078806,1.767931,2018,10,0,"Livestock","Lowland"
"573",40.078806,1.767931,2018,10,0,"Livestock","Lowland"
"574",40.078806,1.767931,2006,26,0,"Human","Lowland"
"575",40.07915,-3.227493,2006,1,0,"Livestock","Coastal"
"576",40.07915,-3.227493,2006,8,0,"Human","Coastal"
"577",40.099481,-0.352165,2007,0,111,"Human","Lowland"
"578",40.099481,-0.352165,2006,3,0,"Vector","Lowland"
"579",40.099481,-0.352165,2006,38,0,"Vector","Lowland"
"580",40.099481,-0.352165,2006,2,0,"Vector","Lowland"
"581",40.099481,-0.352165,2006,6,0,"Vector","Lowland"
"582",40.1,-3.233333,2011,0,0,NA,"Coastal"
"583",40.109067,-2.266492,2014,1,0,"Human","Coastal"
"584",40.122527,1.69831,2012,1,0,"Livestock","Lowland"
"585",40.122527,1.69831,2008,1,0,"Wildlife","Lowland"
"586",40.122527,1.69831,2013,0,0,"Livestock","Lowland"
"587",40.17,-1.69,2009,17,0,"Human","Coastal"
"588",40.17,-1.69,2006,8,0,"Human","Coastal"
"589",40.18,-1.67,2009,27,0,"Human","Coastal"
"590",40.18,-1.67,2006,25,0,"Human","Coastal"
"591",40.2,-2.716666,2010,0,0,NA,"Waterbody"
"592",40.203942,1.119148,1998,0,0,"Livestock","Lowland"
"593",40.237557,-1.963411,2010,0,0,"Wildlife","Coastal"
"594",40.237557,-1.963411,2010,0,0,"Wildlife","Coastal"
"595",40.237557,-1.963411,2010,0,0,"Wildlife","Coastal"
"596",40.237557,-1.963411,2009,1,0,"Livestock","Coastal"
"597",40.237557,-1.963411,2012,0,0,"Wildlife","Coastal"
"598",40.237557,-1.963411,2009,0,0,"Wildlife","Coastal"
"599",40.240787,-1.627194,2020,0,0,"Livestock","Coastal"
"600",40.240787,-1.627194,2020,3,0,"Livestock","Coastal"
"601",40.253571,-0.250936,2006,0,0,NA,"Lowland"
"602",40.253571,-0.250936,2006,0,0,NA,"Lowland"
"603",40.253571,-0.250936,2006,0,0,NA,"Lowland"
"604",40.253571,-0.250936,2006,0,0,NA,"Lowland"
"605",40.28,0.044,2007,0,0,"Livestock","Lowland"
"606",40.28,0.044,2006,6,0,"Livestock","Lowland"
"607",40.329675,2.463455,2010,13,0,"Wildlife","Lowland"
"608",40.34056,0.58444,2006,0,0,"Livestock","Lowland"
"609",40.35754,-2.560467,2008,2,0,"Wildlife","Coastal"
"610",40.383,-2.185,2007,0,0,"Livestock","Coastal"
"611",40.383,-2.185,2006,1,0,"Livestock","Coastal"
"612",40.42571,-1.508199,2012,0,0,"Livestock","Coastal"
"613",40.437981,-2.387891,2012,0,0,"Livestock","Coastal"
"614",40.437981,-2.387891,2013,2,0,"Livestock","Coastal"
"615",40.485237,-0.183588,2013,1,0,"Livestock","Lowland"
"616",40.485237,-0.183588,2014,6,0,"Human","Lowland"
"617",40.485237,-0.183588,2013,0,0,"Livestock","Lowland"
"618",40.485237,-0.183588,2013,0,0,"Livestock","Lowland"
"619",40.485237,-0.183588,2013,3,0,"Livestock","Lowland"
"620",40.485237,-0.183588,2012,0,0,"Livestock","Lowland"
"621",40.485237,-0.183588,2012,0,0,"Livestock","Lowland"
"622",40.485237,-0.183588,2013,0,0,"Livestock","Lowland"
"623",40.485237,-0.183588,2013,2,0,"Livestock","Lowland"
"624",40.485237,-0.183588,2012,1,0,"Livestock","Lowland"
"625",40.520277,-1.581111,2014,0,0,"Livestock","Coastal"
"626",40.536373,-2.155233,2014,0,0,"Human","Coastal"
"627",40.547823,-1.615018,2006,125,0,"Human","Coastal"
"628",40.547823,-1.615018,2007,6,1,"Human","Coastal"
"629",40.547823,-1.615018,2012,4,0,"Livestock","Coastal"
"630",40.547823,-1.615018,1999,5,0,"Wildlife","Coastal"
"631",40.547823,-1.615018,2014,2,0,"Human","Coastal"
"632",40.547823,-1.615018,2008,0,0,"Wildlife","Coastal"
"633",40.547823,-1.615018,2013,0,0,"Livestock","Coastal"
"634",40.547823,-1.615018,2013,2,0,"Livestock","Coastal"
"635",40.547823,-1.615018,2008,3,0,"Wildlife","Coastal"
"636",40.547823,-1.615018,2012,1,0,"Livestock","Coastal"
"637",40.547823,-1.615018,2008,0,0,"Wildlife","Coastal"
"638",40.547823,-1.615018,2009,0,0,"Wildlife","Coastal"
"639",40.561324,-1.619057,2010,7,0,"Livestock","Coastal"
"640",40.561324,-1.619057,2012,0,0,"Livestock","Coastal"
"641",40.561324,-1.619057,2009,2,0,"Livestock","Coastal"
"642",40.561324,-1.619057,2009,1,0,"Livestock","Coastal"
"643",40.561324,-1.619057,2010,0,0,"Livestock","Coastal"
"644",40.566,-1.634,2006,2,0,"Livestock","Coastal"
"645",40.566,-1.634,2007,0,0,"Livestock","Coastal"
"646",40.7,-1.08,2007,0,0,"Livestock","Lowland"
"647",40.7,-1.08,2006,4000,0,"Livestock","Lowland"
"648",40.7,-1.08,2007,0,0,"Livestock","Lowland"
"649",40.747909,-2.296941,2013,0,0,"Livestock","Coastal"
"650",40.747909,-2.296941,2012,0,0,"Livestock","Coastal"
"651",40.75,3.5,2009,0,0,NA,"Lowland"
"652",40.798163,-1.377133,2010,0,0,"Wildlife","Coastal"
"653",40.798163,-1.377133,2010,0,0,"Wildlife","Coastal"
"654",40.798163,-1.377133,2009,0,0,"Wildlife","Coastal"
"655",40.798163,-1.377133,2010,0,0,"Wildlife","Coastal"
"656",40.798163,-1.377133,2009,0,0,"Wildlife","Coastal"
"657",40.83639,0.49583,2006,0,0,"Livestock","Lowland"
"658",40.863128,-1.558156,2011,32,0,"Human","Coastal"
"659",40.86944,0.35278,2006,0,0,"Livestock","Lowland"
"660",40.900377,-2.273069,1999,0,0,"Wildlife","Waterbody"
"661",40.913067,2.817387,2018,2,0,"Livestock","Lowland"
"662",40.913067,2.817387,2018,0,0,"Livestock","Lowland"
"663",40.968,3.43,2007,0,0,"Livestock","Lowland"
"664",40.968,3.43,2006,24,0,"Livestock","Lowland"
"665",41.059137,-1.271109,2013,5,0,"Livestock","Coastal"
"666",41.059137,-1.271109,2013,10,0,"Livestock","Coastal"
"667",41.063717,-1.930156,2014,1,0,"Human","Coastal"
"668",41.09124,3.821088,2021,2,2,"Livestock","Lowland"
"669",41.09124,3.821088,2021,0,0,"Livestock","Lowland"
"670",41.10352,-1.874011,2012,0,0,"Livestock","Coastal"
"671",41.855457,3.93383,2006,0,0,"Livestock","Lowland"
"672",41.855457,3.93383,2008,0,0,"Wildlife","Lowland"
"673",41.855457,3.93383,2018,2,0,"Wildlife","Lowland"
"674",41.855457,3.93383,1961,0,0,"Livestock","Lowland"
